"id_marine";"identifier";"mmsi";"name";"flag";"type";"length";"port";"col11";"col12";"col13";"col14";"col15"
"1813";"663129";"431301604";"HOZEN MARU";"JP";"8";"104";"JP ANE OFF";"16";"79";"16";"98";"0"
"1814";"3087638";"4310203";"SAR 4310203";"JP";"3";"0";"0";"0";"0";"0";"0";"0"
"1815";"661604";"431003496";"SUZURAN";"JP";"6";"224";"JP TRG";"26";"43";"19";"230";"0"
"1816";"662920";"431300185";"FERRY SHIRAKABA";"JP";"6";"195";"JP AFG EC";"29";"40";"13";"228";"0"
"1817";"3631668";"431006942";"HOKUTO";"JP";"6";"179";"JP TRG";"27";"27";"13";"223";"0"
"1818";"1010571";"370477000";"HANJIN DURBAN";"PA";"7";"261";"BUSAN,R.O.KOREA";"32";"193";"10";"227";"0"
"1819";"349795";"273420240";"KOMMUNARY NIKOLAYEVA";"RU";"7";"134";"NAKHODKA";"18";"92";"15";"241";"0"
"1820";"664133";"431501832";"EISHIN MARU NO.18";"JP";"8";"105";"JP MUR";"16";"80";"4";"55";"0"
"1821";"661554";"431003359";"MISAKI MARU";"JP";"7";"76";"JP AFG OFF";"12";"61";"4";"238";"0"
"1822";"409534";"352352000";"CRANE POSEIDON";"PA";"8";"128";"KR ULS";"20";"103";"6";"228";"0"
"1823";"673302";"440794000";"83 CHUNG YONG";"KR";"2";"57";"BUSAN KOREA";"9";"30";"2";"233";"0"
"1824";"414523";"354470000";"VLADMIR M";"PA";"7";"139";"JP HTC";"20";"112";"8";"54";"0"
"1825";"3535513";"431700405";"KINPOU MARU NO.10";"JP";"2";"27";"CLASS B";"6";"13";"2";"211";"0"
"1826";"661163";"431002092";"EIZAN MARU NO.82";"JP";"8";"104";"JP HKP OFF";"16";"79";"2";"185";"0"
"1827";"416391";"355291000";"HAYAMA STAR";"PA";"7";"188";"JP HKP";"32";"162";"22";"232";"0"
"1828";"661310";"431002574";"HOKUTO MARU";"JP";"7";"115";"JP HKP KAMIISO";"18";"85";"13";"159";"0"
"1829";"664747";"431800044";"VENUS";"JP";"6";"137";"JP HKP>JP AOM";"22";"34";"0";"358";"0"
"1830";"664370";"431601371";"SENSHOMARU";"JP";"7";"115";"JP HKP OFF";"18";"91";"4";"274";"0"
"1831";"661458";"431003094";"AKEBONO MARU";"JP";"8";"99";"JP TMK OFF";"17";"75";"16";"250";"0"
"1832";"722293";"548853000";"PRINSESA MAGANDA";"PH";"7";"169";"JP HKP OFF";"27";"148";"17";"12";"0"
"1833";"661680";"431003865";"EISHIN MARU NO.25";"JP";"8";"105";"JP HKP OFF";"16";"83";"13";"317";"0"
"1834";"662958";"431300354";"KENKAI MARU";"JP";"7";"115";"JP HKP OFF";"18";"91";"13";"314";"0"
"1835";"663991";"431501083";"HOKUYO MARU";"JP";"7";"123";"JP HKP OFF";"20";"100";"7";"355";"0"
"1836";"663363";"431400216";"SHOSEI MARU";"JP";"8";"105";"JP HKP 4";"15";"78";"13";"171";"0"
"1837";"662262";"431028000";"HOKUHOMARU";"JP";"3";"64";"JP HKP2";"10";"24";"1";"21";"0"
"1838";"661623";"431003595";"SHIRIUCHIMARU";"JP";"8";"105";"JP SHIRIUCHI";"16";"85";"12";"339";"-720"
"1839";"662432";"431100522";"TAISETSU MARU";"JP";"7";"150";"JP HKP OFF";"25";"123";"12";"251";"0"
"1840";"664242";"431600204";"KIYOUMARU NO.5";"JP";"8";"70";"JP HKP";"11";"53";"3";"185";"0"
"1841";"663323";"431400118";"YUSHO MARU";"JP";"8";"80";"JP HKP OFF";"12";"62";"3";"161";"0"
"1842";"664773";"431800596";"ESAN 2000";"JP";"6";"110";"JP HKP 4>JP AOM";"17";"30";"13";"172";"0"
"1843";"664761";"431800201";"ASAKAZE NO.5";"JP";"6";"100";"JP HKP4 >JP AOM";"15";"27";"10";"170";"0"
"1844";"662078";"431005263";"BLUE MERMAID";"JP";"6";"144";"JP HKP 4>JP AOM";"23";"27";"19";"169";"0"
"1845";"662042";"431005182";"HAYABUSA";"JP";"6";"115";"JP HKP=JP AOM";"19";"27";"17";"170";"0"
"1846";"664774";"431800597";"HAYABUSA NO3";"JP";"6";"100";"JP HKP 4>JP AOM";"16";"25";"8";"351";"0"
"1847";"3087292";"4310121";"VTS 4310121";"JP";"0";"0";"0";"0";"0";"0";"0";"0"
"1848";"662497";"431100906";"CHIHAYA MARU";"JP";"7";"135";"JP HKP 1";"19";"110";"10";"81";"0"
"1849";"662210";"431005668";"SHINKO MARU NO.21";"JP";"7";"75";"JP HKP OFF";"12";"62";"7";"245";"-720"
"1850";"661194";"431002215";"MEIRIN MARU";"JP";"7";"75";"";"12";"64";"9";"257";"0"
"1851";"660927";"431001010";"OSHORO MARU";"JP";"3";"78";"JP HKP 2";"13";"24";"2";"206";"0"
"1852";"661072";"431001544";"BLUE DOLPHIN";"JP";"6";"137";"JP HKP4/AOM";"22";"46";"4";"194";"0"
"1853";"3725815";"431006572";"431006572";"JP";"0";"0";"0";"0";"0";"0";"236";"0"
"1854";"660861";"431000876";"ASAKAZE 21";"JP";"6";"102";"JP HKP3 >JP AOM";"16";"25";"3";"192";"0"
"1855";"3537709";"431500527";"OUSHOUMARU";"JP";"7";"76";"CLASS B";"12";"68";"3";"252";"0"
"1856";"662948";"431300334";"TOKUYO MARU NO.7";"JP";"8";"71";"JP AOM";"12";"53";"8";"171";"0"
"1857";"664504";"431602326";"KAKUHISAMARU";"JP";"8";"75";"JP HKP 2";"12";"61";"9";"60";"0"
"1858";"660928";"431001012";"KIYOHAMAMARU";"JP";"7";"76";"JP HKP";"12";"60";"10";"117";"0"
"1859";"661966";"431004884";"TAIYO MARU";"JP";"8";"80";"JP MUR H-4";"12";"64";"9";"11";"-720"
"1860";"687436";"477407900";"HANJIN JUNGIL";"HK";"7";"337";"PUSAN NEW PORT";"48";"244";"31";"239";"0"
"1861";"661809";"431004277";"DAIKANMARU";"JP";"6";"91";"JP OAX >JP HKP4";"16";"28";"2";"322";"0"
"1862";"664064";"431501701";"ASAHI MARU";"JP";"8";"105";"JP AOM";"15";"83";"8";"203";"0"
"1863";"2965877";"431004947";"WAKA MARU NO.12";"JP";"7";"76";"JP SGM";"12";"67";"9";"115";"0"
"1864";"663634";"431401888";"ETAJIMA";"JP";"0";"76";"JP CHB";"12";"64";"3";"114";"0"
"1865";"713218";"538003999";"STAR EXPRESS";"MH";"7";"143";"JP TMK";"22";"112";"18";"52";"0"
"1866";"663786";"431500021";"HOUSEN MARU";"JP";"8";"72";"JP MUR OFF";"12";"52";"3";"324";"0"
"1867";"663401";"431400366";"SHUHO MARU NO.31";"JP";"8";"76";"JP TMK S/OFF";"11";"58";"7";"49";"0"
"1868";"662336";"431100125";"SHIMOKITAMARU";"JP";"7";"94";"JP SYZ/MUR";"17";"74";"17";"166";"0"
"1869";"662335";"431100123";"FUYO MARU NO.5";"JP";"7";"98";"JP MUR";"16";"78";"12";"329";"0"
"1870";"302201";"256613000";"MAJORCA";"MT";"7";"225";"VANCOUVER";"32";"192";"16";"87";"0"
"1871";"413255";"353903000";"SEATTLE BRIDGE";"PA";"7";"293";"MX ZLO";"40";"220";"28";"68";"0"
"1872";"416138";"355181000";"HANJIN SHIMANAMI";"PA";"7";"200";"VAN>TXG";"32";"170";"11";"268";"0"
"1873";"133837";"211377300";"HANJIN GENEVA";"DE";"7";"279";"KRBUN -> CAPRR";"40";"183";"25";"55";"0"
"1874";"664131";"431501827";"12 YUUKIMARU";"JP";"7";"72";"JP HIM";"12";"60";"6";"157";"0"
"1875";"664897";"431999516";"HAMAGIRI";"JP";"0";"0";"";"0";"0";"0";"15";"0"
"1876";"660509";"431000298";"YUUKIMARU NO.8";"JP";"7";"75";"JP MUR OFF";"12";"65";"10";"157";"0"
"1877";"664928";"431999561";"NAGASHIMA";"JP";"0";"0";"";"0";"0";"0";"222";"0"
"1878";"661336";"431002691";"SENSHOU MARU";"JP";"7";"75";"JP NGO OFF";"12";"60";"5";"151";"0"
"1879";"415278";"354804000";"KOA MARU";"PA";"8";"93";"JP TMK";"14";"76";"5";"45";"0"
"1880";"376819";"312235000";"XINHAI18";"BZ";"7";"97";"JP SYZ";"16";"69";"10";"153";"0"
"1881";"465006";"373431000";"GREENERY SEA";"PA";"7";"180";"JP TMK";"28";"151";"7";"50";"0"
"1882";"463078";"372578000";"GOLDEN HEIWA";"PA";"7";"225";"VANCOUVER";"32";"183";"19";"53";"0"
"1883";"3448915";"538006227";"GLOVIS COSMOS";"MH";"7";"199";"ULSAN, KOREA";"32";"16";"8";"268";"-1"
"1884";"3550154";"566621000";"PERSEVERANCE V";"SG";"8";"225";"JP SGM";"36";"186";"10";"346";"0"
"1885";"660684";"431000580";"KAIOMARU";"JP";"2";"55";"JP KUH 2";"8";"20";"4";"268";"720"
"1886";"662913";"431300159";"FERRY AZALEA";"JP";"6";"195";"JP AFG";"29";"29";"7";"55";"0"
"1887";"660753";"431000678";"ISEMARU";"JP";"8";"105";"JP KSM SE JX-9";"16";"84";"4";"52";"720"
"1888";"458297";"370285000";"SKY VENUS";"PA";"7";"106";"JP TMK OFF";"15";"88";"11";"188";"0"
"1889";"665452";"432777000";"KATSURA";"JP";"7";"300";"JP NGO";"50";"262";"30";"148";"0"
"1890";"713940";"538004777";"MAPLE OCEAN";"MH";"7";"169";"RU PSE";"27";"144";"10";"75";"0"
"1891";"665132";"432356000";"SHINMICHIMARU";"JP";"8";"105";"JP ISW";"16";"84";"6";"306";"0"
"1892";"121763";"209225000";"YURI SENKEVICH";"CY";"8";"247";"JP SAK";"42";"203";"29";"88";"6"
"1893";"663777";"431500004";"TOSHINMARU";"JP";"8";"76";"JP TXD OFF";"11";"65";"3";"286";"0"
"1894";"660691";"431000592";"NITTAN MARU NO.10";"JP";"8";"105";"JP SKT";"16";"77";"13";"198";"0"
"1895";"677583";"457759000";"RYOFU";"MN";"7";"95";"HIC JP";"15";"52";"5";"86";"0"
"1896";"663888";"431500382";"IZUMIMARU NO.7";"JP";"8";"72";"JP HKP OFF";"13";"55";"10";"279";"0"
"1897";"462483";"372259000";"SKY QUEEN";"PA";"7";"90";"KR KPO";"14";"78";"10";"234";"0"
"1898";"346553";"273324700";"KAPITAN SOSENKOV";"RU";"7";"140";"RU KHO";"17";"112";"12";"107";"0"
"1899";"664652";"431700585";"AOBAMARU";"JP";"7";"113";"JP SYZ OFF";"18";"90";"13";"24";"0"
"1900";"777670";"725005570";"RAULI N";"CL";"7";"175";"TOYAMA JAPAN";"26";"144";"12";"268";"0"
"1901";"3333978";"431203000";"HOSEI MARU NO.226";"JP";"0";"78";"JP SRO OFF";"14";"61";"10";"359";"0"
"1902";"689537";"477802500";"YM ENDEAVOUR";"HK";"7";"229";"COLUMBIA RIVER P/S";"32";"201";"22";"55";"0"
"1903";"664088";"431501745";"KOHO MARU NO.21";"JP";"8";"72";"JP KIJ E";"12";"58";"3";"227";"0"
"1904";"662593";"431101173";"DAI38NISSHOUMARU";"JP";"7";"76";"JP>SYZ";"12";"70";"9";"167";"0"
"1905";"714219";"538005104";"SINOKOR TIANJIN";"MH";"7";"136";"ISS,JP";"22";"120";"11";"236";"0"
"1906";"756058";"636016125";"CSAV TRAIGUEN";"LR";"7";"300";"RUSKA";"48";"225";"28";"273";"0"
"1907";"664653";"431700588";"HAYATEMARU";"JP";"3";"30";"";"9";"15";"3";"107";"0"
"1908";"1819600";"352737000";"HULK0-ONAGO 0";"PA";"7";"80";"";"13";"27";"20";"55";"0"
"1909";"661582";"431003435";"JYOHOUMARU";"JP";"8";"104";"JP SGM 3-C (SENDAI";"14";"80";"5";"149";"0"
"1910";"664037";"431501639";"KAKUSEN MARU";"JP";"8";"76";"JP FTX OFF";"11";"63";"5";"291";"0"
"1911";"661642";"431003671";"SUISEN";"JP";"6";"224";"JP TMK XX";"26";"43";"19";"39";"0"
"1912";"726431";"563447000";"HK CHALLENGER";"SG";"7";"210";"SAN VICENTE";"36";"182";"23";"55";"0"
"1913";"3350974";"431800709";"RYUOH";"JP";"7";"81";"JP HKP.4";"14";"60";"4";"278";"0"
"1914";"301793";"256461000";"KIRAN EURASIA";"MT";"7";"229";"VANCOUVER";"32";"197";"24";"56";"0"
"1915";"661115";"431001715";"CHOUKAI MARU";"JP";"8";"70";"JP.AFG";"12";"54";"3";"235";"0"
"1916";"465344";"373617000";"GLORIOUS JUPITER";"PA";"7";"157";"RU PSE";"27";"134";"18";"284";"0"
"1917";"713488";"538004288";"Q IOANARI";"MH";"7";"229";"KR PUS";"32";"194";"7";"233";"0"
"1918";"289709";"249819000";"CMA CGM LIBRA";"MT";"7";"363";"VOSTOCHNY";"46";"276";"14";"247";"3"
"1919";"758133";"256266000";"SHANGHAI TRADER";"MT";"7";"294";"BUSAN";"32";"220";"12";"224";"3"
"1920";"689348";"477770200";"MAERSK STOCKHOLM";"HK";"7";"334";"BUSAN";"46";"242";"14";"238";"0"
"1921";"465026";"373442000";"EMERALD STAR";"PA";"7";"229";"CN TXG";"32";"203";"20";"250";"0"
"1922";"416240";"355224000";"CRANE ROPROSS";"PA";"8";"120";"KR USN";"20";"98";"15";"239";"0"
"1923";"409841";"352493000";"ACX SATSUMA";"PA";"7";"124";"JP KIJ EW";"18";"107";"6";"233";"0"
"1924";"152860";"218694000";"CMA CGM VELA";"DE";"7";"347";"CAVAN > CNNGB";"43";"258";"23";"232";"0"
"1925";"661886";"431004526";"NO.15 HOKUNANMARU";"JP";"8";"43";"";"7";"32";"6";"61";"0"
"1926";"410486";"352808000";"KAIJIN";"PA";"7";"196";"US TIW";"29";"59";"15";"53";"0"
"1927";"1179344";"431005211";"SEIMEI";"JP";"7";"80";"JP HKP OFF";"14";"65";"4";"51";"0"
"1928";"663827";"431500148";"RYUEI MARU N0.8";"JP";"8";"75";"JP HKP 1";"11";"60";"3";"268";"0"
"1929";"660608";"431000445";"NATCHAN WORLD";"JP";"4";"112";"JP HKP 4";"30";"50";"15";"145";"0"
"1930";"661637";"431003651";"NAIKAI MARU NO.3";"JP";"8";"71";"JP AOM OFF";"12";"53";"9";"172";"0"
"1931";"3625169";"431006908";"RYUSHOU";"JP";"7";"70";"JP HKP 4";"12";"58";"3";"10";"0"
"1932";"685718";"477114300";"DIAMOND HARBOUR";"HK";"7";"180";"KULTOS COVE>KRINC";"28";"160";"8";"267";"0"
"1933";"193712";"235065043";"CMA CGM VIRGINIA";"GB";"7";"294";"PAPTY";"32";"223";"20";"84";"0"
"1934";"664254";"431600258";"SENPO MARU";"JP";"7";"115";"JP HKP KAMIISO";"18";"89";"14";"291";"0"
"1935";"463458";"372780000";"NORD PEGASUS";"PA";"7";"225";"NINGBO,CHINA";"32";"193";"14";"262";"0"
"1936";"661844";"431004372";"KINYU MARU NO12";"JP";"8";"104";"JP AOM OFF";"16";"85";"13";"286";"0"
"1937";"661009";"431001206";"SUZUKA MARU";"JP";"8";"70";"JP SGM/JX 6-H";"11";"56";"2";"107";"0"
"1938";"515828";"412420155";"ZHEPUYULENG208";"CN";"0";"72";"AUAN";"13";"55";"8";"81";"0"
"1939";"674627";"441978000";"SUN DAISY";"KR";"8";"103";"JP TMK";"18";"81";"16";"52";"0"
"1940";"690027";"477883400";"JIN YI";"HK";"7";"190";"ROBERT BANK";"32";"163";"20";"75";"0"
"1941";"661218";"431002295";"KOUEIMARU";"JP";"7";"78";"JP HKP 4";"14";"64";"3";"282";"0"
"1942";"350725";"273449080";"SORAKSAN";"RU";"7";"127";"BERING SEA";"18";"90";"4";"70";"2"
"1943";"660521";"431000312";"DAI1HOUYOSHIMARU";"JP";"8";"79";"JP SGM OFF";"12";"63";"9";"107";"0"
"1944";"384899";"319054200";"SUN VIL II";"KY";"7";"190";"MX ZLO";"33";"162";"22";"51";"0"
"1945";"419065";"356636000";"NO.1 BARON";"PA";"7";"121";"BUSAN,S.KOR";"17";"98";"5";"282";"0"
"1946";"1037276";"373540000";"ENDEAVOR SKY";"PA";"7";"235";"KR PUS>CA PRR";"38";"201";"14";"54";"0"
"1947";"664753";"431800063";"ETOMO";"JP";"3";"78";"JP NAH S";"9";"30";"6";"256";"0"
"1948";"660799";"431000766";"KOYO MARU NO.7";"JP";"8";"90";"JP FTX OFF";"14";"71";"6";"287";"0"
"1949";"662065";"431005238";"ZUISEN MARU";"JP";"8";"80";"JP TMK OFF";"12";"64";"3";"64";"0"
"1950";"663825";"431500144";"SYOUYU MARU";"JP";"8";"105";"JP KIJ OFF";"15";"93";"12";"55";"0"
"1951";"3675627";"247190800";"ITAL LIRICA";"IT";"7";"294";"BALBOA";"32";"223";"17";"54";"-4"
"1952";"2290614";"431006129";"SANNOU NO.5";"JP";"0";"80";"JP MUR OFF";"13";"70";"4";"325";"-720"
"1953";"689305";"477765900";"COSCO ADEN";"HK";"7";"261";"BALBOA";"32";"190";"19";"65";"0"
"1954";"121637";"209162000";"AFRICA GRAECA";"CY";"7";"225";"PUSAN,KOREA";"32";"193";"16";"267";"0"
"1955";"734427";"567483000";"INTRA BHUM";"TH";"7";"144";"TOMAKOMAI JAPAN";"22";"118";"16";"103";"0"
"1956";"663197";"431301776";"NORTH PIONEER";"JP";"8";"89";"JP HKP OFF";"16";"69";"3";"27";"0"
"1957";"701364";"515747000";"SHENG HAI";"KH";"7";"73";"JP FNB OFF";"12";"55";"6";"56";"0"
"1958";"663305";"431400046";"YUTOKU MARU";"JP";"8";"72";"JP AOM";"13";"60";"7";"89";"0"
"1959";"662038";"431005151";"KYORIKI";"JP";"7";"75";"JP MUR";"12";"61";"4";"333";"0"
"1960";"420539";"357299000";"AMELIA";"PA";"8";"149";"ULSAN";"24";"130";"10";"268";"0"
"1961";"664065";"431501702";"TAIKO MARU";"JP";"8";"76";"JP OTR OFF";"12";"64";"7";"287";"0"
"1962";"345906";"273312950";"ORION";"RU";"7";"96";"SENDAI";"14";"74";"2";"59";"0"
"1963";"663803";"431500077";"SYOKEI";"JP";"8";"70";"JP ANE OFF";"12";"57";"5";"56";"0"
"1964";"555827";"413159000";"XIN OU ZHOU";"CN";"7";"335";"PRR";"43";"246";"20";"51";"0"
"1965";"418615";"356410000";"MARGRETH PISSAREK";"PA";"7";"229";"ULSAN, KOREA";"32";"196";"11";"55";"0"
"1966";"660979";"431001112";"NO.10 HASSHOMARU";"JP";"8";"105";"JP AFG";"16";"86";"3";"151";"0"
"1967";"662059";"431005228";"MIYAJIMA";"JP";"7";"76";"JP KIS OFF";"14";"67";"3";"153";"0"
"1968";"757464";"636090922";"JULIETTE RICKMERS";"LR";"7";"294";"BUSAN";"32";"202";"21";"279";"0"
"1969";"661426";"431002986";"RYUEI";"JP";"7";"80";"JP ABA";"15";"63";"3";"284";"-720"
"1970";"662162";"431005507";"MATSUYAMA MARU NO.12";"JP";"8";"105";"JP KSM OFF";"16";"79";"3";"151";"0"
"1971";"418784";"356509000";"HANJIN GDYNIA";"PA";"7";"261";"BALBOA,PANAMA CANAL";"32";"193";"10";"50";"0"
"1972";"664780";"431800677";"SHOHO MARU";"JP";"8";"105";"JP AFG";"15";"81";"5";"194";"0"
"1973";"663442";"431400523";"SEIHOU MARU";"JP";"8";"71";"JP AOM OFF";"12";"58";"5";"194";"0"
"1974";"688499";"477633300";"LUZON STRAIT";"HK";"7";"176";"NANAIMO";"29";"148";"16";"63";"0"
"1975";"458311";"370290000";"NAVIOS POLLUX";"PA";"7";"292";"SINGAPORE";"45";"249";"15";"70";"0"
"1976";"727801";"564169000";"KITI BHUM";"SG";"7";"136";"ULSAN KOREA";"22";"119";"10";"205";"0"
"1977";"303060";"256888000";"CMA CGM MELISANDE";"MT";"7";"335";"SEATTLE";"43";"244";"27";"52";"0"
"1978";"345476";"273195200";"KRYMSKIY";"RU";"2";"55";"U KE";"10";"15";"3";"58";"0"
"1979";"661499";"431003181";"SHINKOMARU NO8";"JP";"8";"80";"JP KIJ OFF";"12";"58";"4";"282";"0"
"1980";"2460378";"431006084";"HIDAKA";"JP";"6";"179";"JP TRG";"27";"23";"0";"192";"0"
"1981";"662523";"431100967";"KAKUHO MARU";"JP";"8";"105";"JP KWS";"16";"80";"3";"150";"0"
"1982";"351341";"273811060";"VASILYEVSKIY OSTROV";"RU";"2";"104";"PUSAN";"16";"42";"8";"56";"0"
"1983";"733016";"566747000";"OOCL KUALA LUMPUR";"SG";"7";"281";"CNNGB";"40";"210";"14";"277";"0"
"1984";"664455";"431602142";"TSURUFUJIMARU";"JP";"8";"105";"JP TMK S";"16";"80";"4";"57";"0"
"1985";"757441";"636090893";"BANZAI";"LR";"7";"225";"BUSAN";"32";"112";"16";"268";"0"
"1986";"665682";"432977000";"ARCADIA SALUTE";"JP";"7";"235";"REIHOKU JPN";"38";"202";"25";"269";"0"
"1987";"664744";"431800034";"HOKUSHIN MARU";"JP";"8";"105";"JP RMI";"16";"80";"8";"234";"0"
"1988";"661207";"431002261";"MIYA MARU NO.1";"JP";"8";"105";"JP MUR OFF";"16";"78";"2";"319";"0"
"1989";"664087";"431501744";"TAKUMI MARU";"JP";"3";"32";"JP HKP XX";"18";"97";"13";"290";"0"
"1990";"663353";"431400185";"EKOU MARU";"JP";"8";"90";"JP HKP OFF";"13";"66";"3";"282";"720"
"1991";"3403749";"355813000";"MSC MAXINE";"PA";"7";"300";"SHANGHAI";"48";"110";"13";"266";"0"
"1992";"660796";"431000763";"HOSHO MARU";"JP";"7";"73";"JP HKP";"12";"64";"2";"295";"0"
"1993";"661017";"431001257";"FUYOU MARU NO.6";"JP";"7";"98";"JP HKP OFF";"16";"72";"2";"93";"0"
"1994";"459881";"371050000";"TAOKAS WISDOM";"PA";"7";"176";"TAICANG/CHINA";"29";"155";"16";"257";"0"
"1995";"753384";"636012253";"YM FOUNTAIN";"LR";"7";"275";"PRR";"40";"183";"20";"56";"0"
"1996";"664243";"431600209";"CHISIMAMARU";"JP";"7";"115";"JP HKP OFF";"18";"90";"14";"287";"0"
"1997";"753668";"538005888";"YM UNISON";"MH";"7";"336";"PUSAN";"43";"246";"26";"266";"0"
"1998";"664816";"431861000";"HAKUOU";"JP";"6";"199";"JP TMK/WM";"25";"33";"8";"29";"0"
"1999";"465804";"373901000";"BLACK DRAGON";"PA";"8";"80";"JP KUH";"14";"60";"4";"264";"0"
"2000";"211632";"239874000";"ANGELIC PEACE";"GR";"7";"225";"BAYUQUAN";"32";"198";"10";"235";"0"
"2001";"661449";"431003074";"SUNNY NOAH";"JP";"8";"110";"JP TXD OFF";"17";"88";"3";"229";"0"
"2002";"664772";"431800405";"HOKUJUMARU";"JP";"8";"70";"JP RMI OFF";"12";"52";"3";"250";"0"
"2003";"661913";"431004648";"HACHIHANA MARU";"JP";"7";"83";"JP KNM OFF";"14";"70";"5";"237";"0"
"2004";"662485";"431100871";"PACIFIC SEAGULL";"JP";"7";"127";"JP HKP OFF";"21";"101";"11";"222";"-720"
"2005";"1334202";"431005927";"GYOKO MARU";"JP";"7";"115";"JP HKP XX";"20";"86";"4";"189";"0"
"2006";"401627";"339300770";"DONGCHENG 7";"JM";"7";"84";"JP HAKODATE";"15";"68";"7";"139";"-720"
"2007";"663840";"431500199";"YUTAKA MARU";"JP";"8";"71";"JP HKP OFF";"12";"56";"3";"310";"0"
"2008";"660908";"431000972";"SYUEIMARU";"JP";"8";"79";"JP AOM OFF";"12";"63";"9";"170";"0"
"2009";"347878";"273344710";"ICE BREEZE";"RU";"7";"95";"BERING SEA";"17";"72";"14";"90";"0"
"2010";"700683";"514618000";"GAIN OCEAN";"KH";"7";"66";"JP SGM";"13";"84";"8";"115";"0"
"2011";"3422431";"431006388";"SEITOKU MARU";"JP";"0";"71";"JP MUR OFF J2";"11";"57";"3";"332";"-720"
"2012";"685963";"477163200";"CSC CRYSTAL";"HK";"8";"185";"MURORAN JP";"32";"151";"7";"336";"0"
"2013";"665282";"432634000";"ENERGY NAVIGATOR";"JP";"8";"290";"RU PGN";"49";"233";"32";"275";"0"
"2014";"464942";"373395000";"ANGEL BLUE";"PA";"8";"75";"JP TMK";"12";"62";"2";"54";"0"
"2015";"358767";"303584000";"MAUNALEI";"US";"7";"207";"LONG BEACH";"32";"190";"14";"57";"0"
"2016";"662890";"431300018";"KANYO MARU";"JP";"7";"115";"JP HKP OFF";"18";"94";"11";"282";"0"
"2017";"409308";"352261000";"OAKLAND";"PA";"7";"154";"JP OSA";"26";"129";"9";"54";"0"
"2018";"419167";"356706000";"ITAL MELODIA";"PA";"7";"264";"PUSAN KOREA";"32";"192";"16";"264";"0"
"2019";"701507";"515986000";"KINTEKI MARU";"KH";"7";"75";"KORSAKOV";"12";"55";"6";"95";"0"
"2020";"3351031";"372055000";"CREST TRADER";"PA";"7";"225";"JP TMK";"31";"193";"21";"48";"0"
"2021";"348101";"273349630";"ZODIAK";"RU";"7";"63";"NEVELSK";"11";"40";"6";"271";"0"
"2022";"415972";"355113000";"HANJIN MARINE";"PA";"7";"249";"KRPUS";"38";"189";"24";"264";"0"
"2023";"410810";"352946000";"GLORIOUS EARTH";"PA";"7";"157";"RU NJK";"27";"134";"18";"296";"0"
"2024";"376620";"312107000";"GUOHONG";"BZ";"7";"88";"SHANGHAI CN";"14";"75";"6";"228";"0"
"2025";"348054";"273348520";"PAVLOVSK";"RU";"7";"85";"ISHIKARI";"13";"71";"4";"269";"-720"
"2026";"455153";"368684000";"APL PHILIPPINES";"US";"7";"276";"USA SAN PEDRO";"40";"195";"20";"53";"0"
"2027";"688233";"477595200";"SILVER SMOOTH";"HK";"7";"110";"JP TOBATA";"20";"89";"15";"51";"0"
"2028";"3530982";"412439617";"YONG FA NO.5";"CN";"0";"0";"";"0";"0";"0";"55";"720"
"2029";"665397";"432732000";"JP CORAL";"JP";"7";"228";"JP TBN";"37";"197";"22";"87";"0"
"2030";"348204";"273351000";"IVAN ZHDANOV";"RU";"7";"140";"RU KHO";"16";"119";"9";"101";"0"
"2031";"465758";"373877000";"DL PANSY";"PA";"7";"190";"USA,OAKLAND";"33";"160";"10";"58";"0"
"2032";"755887";"636015908";"DANHIL";"LR";"7";"229";"VANCOUVER CANADA";"32";"194";"11";"55";"0"
"2033";"3580515";"412439618";"YONG FA NO3";"CN";"0";"0";"";"0";"0";"0";"62";"0"
"2034";"1440454";"538005733";"SAN FELIX";"MH";"7";"300";"LONG BEACH";"44";"225";"33";"50";"0"
"2035";"662502";"431100931";"KYOKUHOU MARU";"JP";"8";"105";"JP AFG E OFF";"16";"79";"4";"282";"0"
"2036";"345901";"273312860";"GARMONIYA";"RU";"7";"103";"UKE";"17";"74";"8";"269";"0"
"2037";"726736";"563618000";"TENMYO MARU";"SG";"7";"190";"MANZANILLO MEXICO";"32";"168";"20";"61";"0"
"2038";"3727177";"412440515";"FU YUAN YU YUN 65";"CN";"0";"97";"";"20";"70";"10";"55";"0"
"2039";"662587";"431101164";"KYOKUSEIMARU";"JP";"8";"105";"JP AKADOMARI OFF";"16";"79";"11";"235";"-720"
"2040";"663623";"431401856";"HAKUOU MARU";"JP";"8";"74";"JP RYO OFF";"12";"63";"3";"234";"720"
"2041";"755057";"636014894";"SOLAR AFRICA";"LR";"7";"190";"CANADA ROBERTS BANK";"32";"163";"19";"55";"0"
"2042";"3445514";"431006385";"TSURUGA";"JP";"6";"179";"JP TRG";"27";"27";"13";"237";"0"
"2043";"661799";"431004235";"KAKUSEI MARU";"JP";"8";"105";"JP AFG OFF";"16";"88";"5";"54";"0"
"2044";"686355";"477207400";"CSAV LONCOMILLA";"HK";"7";"261";"ENSENADA";"32";"192";"25";"52";"0"
"2045";"411871";"353237000";"WORLD SIRIUS";"PA";"7";"169";"KHOLMSK";"27";"145";"18";"124";"0"
"2046";"758686";"636092266";"SANTA ROSA";"LR";"7";"300";"KRPUS>MXZLO";"43";"227";"17";"62";"0"
"2047";"664121";"431501802";"KINYUU MARU";"JP";"8";"104";"JP AOM";"16";"82";"2";"281";"0"
"2048";"462715";"372394000";"ESPRIT LOTUS";"PA";"7";"210";"VN DQT";"32";"180";"12";"52";"0"
"2049";"661048";"431001401";"SHOEI MARU";"JP";"8";"105";"JP SGM JXE-2 OFF";"16";"85";"6";"102";"0"
"2050";"3648743";"477314100";"OOCL HOCHIMINH CITY";"HK";"7";"335";"LONGBEACH";"43";"240";"23";"51";"0"
"2051";"1196337";"431004154";"SHINHO";"JP";"7";"79";"JP HKP";"14";"61";"9";"308";"0"
"2052";"663440";"431400515";"SHINKOU MARU NO.35";"JP";"8";"75";"JP KIJ NIIGATA EW";"11";"58";"8";"49";"0"
"2053";"1037411";"352688000";"FELIXSTOWE BRIDGE";"PA";"7";"294";"VANCOUVER";"31";"221";"21";"54";"0"
"2054";"157174";"219476000";"SOVEREIGN MAERSK";"DK";"7";"347";"VOSTOCHNIY";"43";"244";"22";"279";"0"
"2055";"660876";"431000913";"RYUKAKU";"JP";"7";"74";"JP HHE";"12";"64";"3";"54";"0"
"2056";"661846";"431004378";"RYUJIN";"JP";"7";"81";"JP TMK 2E";"15";"64";"3";"257";"0"
"2057";"400636";"566119000";"SEA LAND COMET";"SG";"7";"293";"VOSTOCHINY";"32";"221";"16";"263";"-2"
"2058";"660948";"431001052";"HOUWAMARU";"JP";"8";"65";"JP OTR";"10";"49";"3";"227";"0"
"2059";"339341";"271042638";"NURI BEY";"TR";"7";"229";"U.A.E";"32";"193";"10";"265";"0"
"2060";"664234";"431600175";"SENYO MARU";"JP";"7";"115";"JP HKP 2";"18";"84";"15";"103";"-720"
"2061";"420122";"357098000";"HYUNDAI DYNASTY";"PA";"7";"294";"PANAMA CANAL";"47";"219";"24";"55";"0"
"2062";"421456";"357805000";"SKYFROST";"PA";"7";"153";"FISHING GROUND";"22";"106";"11";"268";"-5"
"2063";"664770";"431800401";"AVRORA OKUSHIRI";"JP";"6";"76";"JP ESI";"15";"27";"0";"103";"0"
"2064";"755972";"636016003";"HYUNDAI PRIVILEGE";"LR";"7";"255";"MXZLO";"38";"199";"10";"56";"0"
"2065";"660800";"431000767";"SHINJU MARU NO.2";"JP";"8";"86";"JP TAP OFF";"15";"65";"12";"145";"-720"
"2066";"685339";"477077700";"COSCO HAIFA";"HK";"7";"261";"PANAMA";"32";"190";"19";"59";"0"
"2067";"674448";"441834000";"IRIS";"KR";"7";"126";"ZHOVSHAN/CHINA";"18";"99";"6";"232";"0"
"2068";"685180";"477049800";"MOUNT OWEN";"HK";"7";"169";"VANCOUVER";"27";"85";"9";"105";"0"
"2069";"1022373";"477518400";"KOTA LEKAS";"HK";"7";"255";"PUSAN";"37";"198";"23";"271";"0"
"2070";"547494";"412521060";"XIN LIANG";"CN";"7";"93";"JP KUH";"16";"76";"13";"257";"0"
"2071";"664191";"431560000";"KEIFU MARU";"JP";"3";"81";"OCEAN RESEARCH";"13";"24";"2";"143";"0"
"2072";"690462";"477958400";"COLUMBIA";"HK";"7";"266";"QINGDAO,CHINA";"32";"200";"16";"271";"0"
"2073";"661601";"431003485";"TENJINMARU NO11";"JP";"7";"75";"JP KZU";"12";"62";"3";"149";"720"
"2074";"661269";"431002433";"SEIYU MARU";"JP";"0";"75";"JP TMK N";"12";"63";"9";"53";"0"
"2075";"214949";"241311000";"HANJIN GERMANY";"GR";"7";"349";"PUSAN NEW PORT";"46";"256";"27";"268";"0"
"2076";"348763";"273358200";"VOLGA-4011";"RU";"7";"140";"RU NEV";"17";"112";"12";"132";"-720"
"2077";"407391";"351296000";"NAVIOS FELICITY";"PA";"7";"225";"SHANGHAI";"32";"196";"7";"274";"0"
"2078";"662271";"431036000";"MIYAMARU NO.3";"JP";"8";"105";"JP SGM OFF";"16";"85";"12";"151";"0"
"2079";"674181";"441607000";"KEUN YANG";"KR";"7";"122";"TMK.JP";"19";"97";"9";"53";"0"
"2080";"458552";"370413000";"GLOBAL ARC";"PA";"7";"177";"AFOGNAK, ALASKA";"28";"152";"9";"53";"0"
"2081";"345468";"273191300";"OBAYATELNYY";"RU";"7";"55";"JP ISW";"10";"29";"6";"292";"0"
"2082";"662054";"431005216";"KIRISHIMA MARU NO.3";"JP";"8";"90";"JP MUR OFF";"14";"71";"2";"13";"0"
"2083";"663663";"431401968";"87TOYOMARU";"JP";"8";"104";"JP ANE";"16";"80";"13";"55";"0"
"2084";"462707";"372387000";"MAEMI PIONEER";"PA";"7";"189";"NAKHODKA RUSSIA";"32";"160";"24";"271";"0"
"2085";"660667";"431000548";"SUMISEMARU NO 7";"JP";"7";"106";"JP KIJ WD OFF";"17";"85";"15";"290";"0"
"2086";"410787";"352939000";"TAI PLENTY";"PA";"7";"225";"LYG CHINA";"32";"196";"14";"269";"0"
"2087";"555729";"413138000";"XIN FANG CHENG";"CN";"7";"263";"QING DAO";"32";"194";"22";"277";"-6"
"2088";"701152";"515426000";"SMILE";"KH";"7";"90";"JP NIG";"15";"72";"6";"285";"0"
"2089";"662974";"431300454";"SHINSEI MARU";"JP";"8";"86";"JP MUR OFF";"14";"67";"3";"327";"0"
"2090";"764864";"667830000";"SAGAMIKO";"SL";"7";"75";"RUS PLAST UN OFF";"12";"62";"6";"285";"0"
"2091";"731159";"565819000";"MAERSK ALGOL";"SG";"7";"338";"MANZANILLO";"46";"247";"17";"41";"0"
"2092";"661528";"431003276";"KIRISHIMA MARU NO.2";"JP";"8";"105";"JP AFG OFF";"16";"82";"2";"291";"0"
"2093";"660575";"431000389";"YURAMARU";"JP";"7";"86";"JP TMK C";"13";"75";"10";"199";"0"
"2094";"663715";"431402064";"DAISENZANMARU";"JP";"0";"72";"";"13";"58";"10";"59";"0"
"2095";"406886";"351043000";"NSS DYNAMIC";"PA";"7";"317";"JP MUR OFF";"55";"276";"38";"321";"0"
"2096";"462747";"372409000";"HL PORT HEDLAND";"PA";"7";"292";"CARBK";"45";"248";"15";"61";"0"
"2097";"414019";"354213000";"ORIENT HOPE";"PA";"7";"176";"US LAX";"29";"155";"16";"99";"0"
"2098";"726566";"563518000";"CRYSTAL SEA";"SG";"7";"115";"JP AXT";"20";"98";"5";"53";"0"
"2099";"663921";"431500526";"KIRISHIMA MARU NO.7";"JP";"8";"104";"JP SKT OFF";"16";"79";"1";"299";"0"
"2100";"463274";"372688000";"NEW INSPIRATION";"PA";"7";"176";"KAMIISO,JP";"29";"156";"17";"103";"0"
"2101";"1883669";"352821000";"GLOBAL HERO";"PA";"7";"175";"CHANGSU CHINA";"28";"153";"18";"228";"0"
"2102";"663779";"431500008";"TOMISU MARU";"JP";"7";"73";"CLASS B";"12";"58";"3";"287";"0"
"2103";"409838";"352492000";"EVER SUPERB";"PA";"7";"300";"LOS ANGELES";"43";"211";"26";"60";"0"
"2104";"370669";"309947000";"HYPERION";"BS";"7";"148";"JP TMK";"23";"135";"18";"87";"0"
"2105";"2005108";"431006029";"ACOPU NO7";"JP";"0";"75";"";"12";"65";"2";"232";"0"
"2106";"664137";"431501837";"KINTAI MARU";"JP";"8";"105";"JP KSM OFF";"16";"80";"13";"107";"0"
"2107";"662536";"431101016";"KAKUSHU MARU";"JP";"8";"106";"JP MUR OFF";"16";"86";"8";"335";"-720"
"2108";"420894";"357497000";"TAI JI";"PA";"7";"125";"DALIAN CN";"18";"99";"8";"233";"0"
"2109";"649817";"414103000";"ZHI XIANG";"CN";"7";"229";"KALAMA USA";"32";"197";"8";"60";"0"
"2110";"144974";"212353000";"HYUNDAI SHANGHAI";"CY";"7";"304";"PUSAN";"40";"226";"14";"266";"-2"
"2111";"689859";"477848700";"CSCL EAST CHINA SEA";"HK";"7";"335";"CN YANG SHAN";"49";"253";"20";"271";"0"
"2112";"152368";"218364000";"FRANKFURT EXPRESS";"DE";"7";"335";"CN YTN > CA VAN";"43";"249";"14";"62";"1"
"2113";"712719";"538003445";"OURANIA LUCK";"MH";"7";"225";"TOKACHI";"32";"199";"22";"53";"0"
"2114";"463455";"372779000";"HAKUTA";"PA";"7";"229";"TIANJIN,CHN";"32";"203";"22";"267";"0"
"2115";"406904";"565391000";"UNICORN OCEAN";"SG";"7";"183";"YANTAI,CHINA";"30";"159";"19";"262";"0"
"2116";"188729";"235010710";"EVER SMILE";"GB";"7";"300";"KAOHSIUNG";"43";"211";"33";"266";"0"
"2117";"688521";"477634700";"ZIM NEW YORK";"HK";"7";"294";"PANAMA";"32";"222";"10";"57";"0"
"2118";"664664";"431701670";"NO.2SEIRYOMARU";"JP";"0";"34";"";"7";"22";"2";"274";"0"
"2119";"660884";"431000926";"WATATSUMI";"JP";"8";"105";"JP HKP 4";"16";"82";"3";"301";"0"
"2120";"660942";"431001045";"TAIRAMARU";"JP";"8";"70";"JP AOM OFF";"11";"56";"2";"288";"720"
"2121";"722280";"548845000";"GINTO";"PH";"7";"120";"JP MUR";"22";"98";"6";"55";"0"
"2122";"755248";"636015140";"BOX MARLIN";"LR";"7";"294";"PUSAN (NEWPORT";"32";"220";"15";"53";"2"
"2123";"408968";"352058000";"HANJIN CHINA";"PA";"7";"350";"LONGBEACH.USA";"46";"259";"9";"55";"0"
"2124";"412985";"353780000";"ALEXANDRIA BRIDGE";"PA";"7";"262";"KRPUS";"32";"191";"23";"56";"0"
"2125";"713740";"538004560";"PAN AMBER";"MH";"7";"189";"BUSAN";"30";"156";"11";"264";"0"
"2126";"460702";"371429000";"HYUNDAI VOYAGER";"PA";"7";"294";"BUSAN";"32";"215";"22";"262";"0"
"2127";"730917";"565717000";"CHEMBULK VIRGINGORDA";"SG";"8";"170";"YANCOUVER BC";"26";"151";"7";"54";"0"
"2128";"733432";"566942000";"WAN HAI 517";"SG";"7";"259";"MX ZLO";"37";"197";"26";"57";"0"
"2129";"689355";"477770300";"MAERSK SALINA";"HK";"7";"334";"VOSTOCHNIY";"46";"242";"14";"263";"0"
"2130";"144960";"212350000";"HYUNDAI BUSAN";"CY";"7";"304";"USLAX";"42";"228";"20";"54";"-3"
"2131";"417735";"355980000";"KING COAL";"PA";"7";"225";"MX ESE";"32";"194";"11";"52";"0"
"2132";"662362";"431100205";"NITTAN MARU";"JP";"8";"105";"JP TMK OFF";"17";"77";"2";"51";"0"
